,Country/Region,Lat,Long,1/22/20,1/23/20,1/24/20,1/25/20,1/26/20,1/27/20,1/28/20,1/29/20,1/30/20,1/31/20,2/1/20,2/2/20,2/3/20,2/4/20,2/5/20,2/6/20,2/7/20,2/8/20,2/9/20,2/10/20,2/11/20,2/12/20,2/13/20,2/14/20,2/15/20,2/16/20,2/17/20,2/18/20,2/19/20,2/20/20,2/21/20,2/22/20,2/23/20,2/24/20,2/25/20,2/26/20,2/27/20,2/28/20,2/29/20,3/1/20,3/2/20,3/3/20,3/4/20,3/5/20,3/6/20,3/7/20,3/8/20,3/9/20,3/10/20,3/11/20,3/12/20,3/13/20,3/14/20,3/15/20,3/16/20,3/17/20,3/18/20,3/19/20,3/20/20,3/21/20,3/22/20,3/23/20,3/24/20,3/25/20,3/26/20,3/27/20,3/28/20,3/29/20,3/30/20,3/31/20,4/1/20,4/2/20,4/3/20,4/4/20,4/5/20,4/6/20,4/7/20,4/8/20,4/9/20,4/10/20,4/11/20,4/12/20,4/13/20,4/14/20,4/15/20,4/16/20,4/17/20,4/18/20,4/19/20,4/20/20,4/21/20,4/22/20,4/23/20,4/24/20,4/25/20,4/26/20,4/27/20,4/28/20,4/29/20,4/30/20,5/1/20,5/2/20,5/3/20,5/4/20,5/5/20,5/6/20,5/7/20,5/8/20,5/9/20,5/10/20,5/11/20,5/12/20,5/13/20,5/14/20,5/15/20,5/16/20,5/17/20,5/18/20,5/19/20,5/20/20,5/21/20,5/22/20,5/23/20,5/24/20,5/25/20,5/26/20,5/27/20,5/28/20,5/29/20,5/30/20,5/31/20,6/1/20,6/2/20,6/3/20,6/4/20,6/5/20,6/6/20,6/7/20,6/8/20,6/9/20,6/10/20,6/11/20,6/12/20,6/13/20,6/14/20,6/15/20,6/16/20,6/17/20,6/18/20,6/19/20,6/20/20,6/21/20,6/22/20,6/23/20,6/24/20,6/25/20,6/26/20,6/27/20,6/28/20,6/29/20,6/30/20,7/1/20,7/2/20,7/3/20,7/4/20,7/5/20,7/6/20,7/7/20,7/8/20,7/9/20,7/10/20,7/11/20,7/12/20,7/13/20,7/14/20,7/15/20,7/16/20,7/17/20,7/18/20,7/19/20,7/20/20,7/21/20,7/22/20,7/23/20,7/24/20,7/25/20,7/26/20,7/27/20,7/28/20,7/29/20,7/30/20,7/31/20,8/1/20,8/2/20,8/3/20,8/4/20,8/5/20,8/6/20,8/7/20,8/8/20,8/9/20,8/10/20,8/11/20,8/12/20,8/13/20,8/14/20,8/15/20,8/16/20,8/17/20,8/18/20,8/19/20,8/20/20,8/21/20,8/22/20,8/23/20,8/24/20,8/25/20,8/26/20,8/27/20,8/28/20,8/29/20,8/30/20,8/31/20,9/1/20,9/2/20,9/3/20,9/4/20,9/5/20,9/6/20,9/7/20,9/8/20,9/9/20,9/10/20,9/11/20,9/12/20,9/13/20,9/14/20,9/15/20,9/16/20,9/17/20,9/18/20,9/19/20,9/20/20,9/21/20,9/22/20,9/23/20,9/24/20,9/25/20,9/26/20,9/27/20,9/28/20,9/29/20,9/30/20,10/1/20,10/2/20,10/3/20,10/4/20,10/5/20,10/6/20,10/7/20,10/8/20,10/9/20,10/10/20,10/11/20,10/12/20,10/13/20,10/14/20,10/15/20,10/16/20,10/17/20,10/18/20,10/19/20,10/20/20,10/21/20,10/22/20,10/23/20,10/24/20,10/25/20,10/26/20,10/27/20,10/28/20,10/29/20,10/30/20,10/31/20,11/1/20,11/2/20,11/3/20,11/4/20,11/5/20,11/6/20,11/7/20,11/8/20,11/9/20,11/10/20,11/11/20,11/12/20,11/13/20,11/14/20,11/15/20,11/16/20,11/17/20,11/18/20,11/19/20,11/20/20,11/21/20,11/22/20,11/23/20,11/24/20,11/25/20,11/26/20,11/27/20,11/28/20,11/29/20,11/30/20,12/1/20,12/2/20,12/3/20,12/4/20,12/5/20,12/6/20,12/7/20,12/8/20,12/9/20,12/10/20,12/11/20,12/12/20,12/13/20,12/14/20,12/15/20,12/16/20,12/17/20,12/18/20,12/19/20,12/20/20,12/21/20,12/22/20,12/23/20,12/24/20,12/25/20,12/26/20,12/27/20,12/28/20,12/29/20,12/30/20,12/31/20,1/1/21,1/2/21,1/3/21,1/4/21,1/5/21,1/6/21,1/7/21,1/8/21,1/9/21,1/10/21,1/11/21,1/12/21,1/13/21,1/14/21,1/15/21,1/16/21,1/17/21,1/18/21,1/19/21,1/20/21,1/21/21,1/22/21,1/23/21,1/24/21,1/25/21
154,Japan,36.204824,138.252924,2,2,2,2,4,4,7,7,11,15,20,20,20,22,23,23,23,24,24,26,27,28,33,43,54,60,67,79,85,95,112,137,149,160,173,192,218,236,245,259,278,298,333,365,420,466,499,527,585,640,696,733,795,826,843,893,928,968,1022,1059,1104,1144,1217,1314,1416,1530,1728,1907,2001,2255,2535,2818,3154,3525,3876,4110,4485,5020,5614,6250,6951,7473,7773,8277,8835,9398,9958,10548,10914,11258,11641,12037,12469,12854,13186,13405,13576,13860,14076,14284,14558,14861,15061,15229,15354,15455,15553,15640,15755,15824,15861,15948,15998,16096,16148,16202,16226,16259,16287,16321,16362,16385,16410,16451,16472,16502,16528,16598,16673,16716,16751,16787,16837,16867,16911,16958,17000,17039,17060,17111,17146,17187,17250,17293,17369,17439,17484,17530,17588,17658,17725,17780,17820,17879,17963,18055,18162,18254,18366,18476,18615,18838,19055,19185,19461,19668,19848,20055,20261,20617,21044,21430,21841,22125,22437,23172,23510,24104,24946,25446,25706,26463,27136,28114,28883,29684,30548,31142,32116,33382,35144,36234,37804,39116,40099,41347,42686,44167,45764,47342,48782,49617,50302,51288,52471,53818,55051,56074,56717,57636,58728,59900,60949,61916,62658,63158,63888,64779,65653,66499,67353,67958,68396,69023,69619,70278,70866,71467,71918,72213,72724,73264,73916,74558,75206,75646,75914,76446,76997,77488,78061,78662,79142,79462,79773,80009,80490,81054,81703,82186,82484,83022,83591,84244,84768,85345,85746,86027,86540,87039,87679,88267,88962,89400,89652,90153,90694,91402,92044,92670,93098,93408,93895,94515,95134,95868,96599,97095,97503,98146,98877,99674,100450,101327,101943,102431,103309,103928,104964,106136,107439,108394,109191,110487,112011,113655,115360,117113,118611,119557,121247,123477,125859,128285,130871,133034,134554,135786,137735,140225,142778,145457,147515,148962,150976,153432,155938,158387,160870,162917,164434,166592,169429,172406,175310,178272,180639,182311,184752,187751,190950,193753,196815,199270,201074,203732,207007,210769,214575,218467,221412,223786,227415,231271,235811,239068,242097,245293,248625,253571,259521,267084,274947,282737,288818,293746,298321,304140,310734,317871,324942,330715,335605,340989,346508,352129,357174,361928,365899,368684
196,New Zealand,-40.9006,174.886,0,0,0,0,0,0,0,0,0,0,0,0,0,0,0,0,0,0,0,0,0,0,0,0,0,0,0,0,0,0,0,0,0,0,0,0,0,1,1,1,1,1,3,3,4,5,5,5,5,5,5,5,6,8,8,12,20,28,39,52,102,102,155,205,283,368,451,514,589,647,708,797,868,950,1039,1106,1160,1210,1239,1283,1312,1330,1349,1366,1386,1401,1409,1422,1431,1440,1445,1451,1456,1461,1470,1469,1472,1474,1476,1479,1485,1487,1487,1486,1488,1489,1490,1492,1494,1497,1497,1497,1497,1498,1498,1499,1499,1499,1503,1503,1504,1504,1504,1504,1504,1504,1504,1504,1504,1504,1504,1504,1504,1504,1504,1504,1504,1504,1504,1504,1504,1504,1504,1504,1504,1506,1506,1507,1507,1509,1511,1513,1515,1516,1519,1520,1522,1526,1528,1528,1528,1530,1530,1530,1533,1534,1536,1537,1540,1542,1543,1544,1544,1545,1547,1548,1549,1550,1553,1554,1555,1555,1555,1556,1556,1556,1556,1557,1559,1560,1560,1562,1565,1567,1567,1569,1569,1569,1569,1569,1569,1570,1570,1589,1602,1609,1622,1631,1643,1649,1654,1665,1671,1674,1683,1690,1695,1702,1714,1727,1729,1738,1752,1757,1759,1764,1767,1772,1776,1782,1788,1792,1793,1795,1797,1798,1801,1802,1809,1809,1811,1815,1815,1815,1824,1827,1829,1831,1833,1833,1835,1836,1848,1848,1849,1854,1855,1858,1861,1864,1866,1870,1871,1871,1872,1874,1876,1880,1883,1886,1886,1887,1912,1914,1923,1934,1935,1940,1941,1943,1949,1950,1957,1959,1963,1968,1971,1973,1974,1976,1982,1986,1987,1988,1991,1995,1998,2001,2001,2005,2008,2010,2013,2019,2028,2030,2031,2039,2040,2047,2050,2050,2056,2059,2060,2069,2069,2078,2078,2079,2085,2088,2088,2092,2092,2096,2096,2096,2100,2100,2110,2110,2116,2121,2121,2128,2128,2128,2128,2144,2144,2151,2151,2162,2162,2162,2181,2181,2186,2186,2188,2188,2188,2219,2222,2222,2228,2228,2246,2246,2256,2262,2262,2267,2267,2276,2276,2283,2288,2290
150,Ireland,53.1424,-7.6921,0,0,0,0,0,0,0,0,0,0,0,0,0,0,0,0,0,0,0,0,0,0,0,0,0,0,0,0,0,0,0,0,0,0,0,0,0,0,1,1,1,2,6,6,18,18,19,21,34,43,43,90,129,129,169,223,292,557,683,785,906,1125,1329,1564,1819,2121,2415,2615,2910,3235,3447,3849,4273,4604,4994,5364,5709,6074,6574,8089,8928,9655,10647,11479,12547,13271,13980,14758,15251,15652,16040,16671,17607,18184,18561,19262,19648,19877,20253,20612,20833,21176,21506,21772,21983,22248,22385,22541,22760,22996,23135,23242,23401,23827,23956,24048,24112,24200,24251,24315,24391,24506,24582,24639,24698,24735,24803,24841,24876,24929,24990,25062,25066,25111,25142,25163,25183,25201,25207,25215,25231,25238,25250,25295,25303,25321,25334,25341,25355,25368,25374,25379,25383,25391,25396,25405,25414,25437,25439,25462,25473,25477,25489,25498,25509,25527,25531,25538,25542,25565,25589,25611,25628,25638,25670,25683,25698,25730,25750,25760,25766,25802,25819,25826,25845,25869,25881,25892,25929,25942,26027,26065,26109,26162,26208,26253,26303,26372,26470,26644,26712,26768,26801,26838,26929,26995,27191,27257,27313,27499,27547,27676,27755,27908,27969,28116,28201,28363,28453,28578,28720,28760,28811,29025,29114,29206,29303,29534,29672,29774,30080,30164,30360,30571,30730,30985,31192,31549,31799,32023,32271,32538,32933,33121,33444,33675,33994,34315,34560,34990,35377,35740,36155,36597,37063,37668,38032,38549,38973,39584,40086,40703,41714,42528,43351,44159,45243,46429,47427,48678,49962,50993,52256,53422,54476,55261,56108,57128,58067,58767,59434,60297,61059,61456,62002,62750,63048,63483,64046,64538,64855,65394,65659,65889,66247,66632,67099,67526,67903,68356,68686,69058,69473,69802,70143,70461,70711,70930,71187,71494,71699,71942,72241,72544,72798,73066,73228,73491,73948,74246,74468,74682,74900,75203,75507,75756,76185,76449,76776,77197,77678,78254,78776,79542,80267,81228,82155,83073,84098,85394,86129,86894,88439,90157,91779,93532,96926,101887,107997,113322,121154,127657,135884,140727,147613,152539,155591,159144,163057,166548,169780,172726,174843,176839,179324,181922,184279,186184,187554,188923
0,Australia,-256.85020000000003,1130.8438999999998,0,0,0,0,4,5,5,6,9,9,12,12,12,13,13,14,15,15,15,15,15,15,15,15,15,15,15,15,15,15,15,15,15,15,15,15,15,15,25,27,30,39,52,55,60,63,76,91,107,128,128,200,250,297,377,452,568,681,791,1071,1549,1682,2044,2364,2810,3143,3640,3984,4361,4559,4862,5116,5330,5550,5687,5797,5895,6010,6108,6215,6303,6315,6351,6415,6440,6462,6522,6568,6610,6623,6645,6652,6662,6677,6694,6714,6721,6744,6752,6766,6778,6799,6822,6847,6875,6894,6913,6918,6939,6948,6970,6980,6989,7019,7035,7044,7054,7068,7072,7081,7095,7099,7114,7114,7126,7139,7150,7165,7184,7192,7202,7221,7229,7240,7247,7252,7259,7265,7267,7274,7285,7289,7294,7320,7335,7347,7370,7391,7409,7411,7461,7474,7492,7521,7558,7595,7601,7686,7764,7834,7920,8001,8066,8260,8443,8583,8755,8886,9056,9374,9553,9797,9980,10251,10487,10810,11233,11441,11802,12069,12428,12894,13302,13595,13950,14403,14935,15303,15582,16298,16903,17280,17895,18318,18730,19445,19890,20272,20698,21084,21397,21713,22127,22358,22742,23035,23287,23558,23773,23989,24236,24407,24602,24811,24915,25053,25204,25322,25448,25547,25670,25746,25819,25923,26049,26136,26207,26278,26321,26373,26465,26524,26564,26607,26651,26692,26739,26778,26813,26861,26885,26898,26912,26942,26972,26980,27000,27016,27040,27044,27055,27078,27096,27109,27121,27135,27148,27173,27181,27206,27226,27244,27263,27285,27310,27337,27357,27371,27378,27390,27399,27405,27443,27458,27476,27495,27513,27525,27539,27553,27565,27579,27585,27595,27601,27610,27622,27630,27644,27652,27658,27665,27669,27671,27675,27676,27682,27711,27749,27758,27777,27785,27792,27806,27821,27834,27843,27853,27865,27873,27886,27892,27902,27912,27923,27939,27949,27956,27965,27972,27987,27993,28000,28011,28025,28030,28037,28048,28060,28072,28093,28126,28168,28198,28219,28237,28262,28274,28297,28308,28337,28349,28381,28405,28425,28460,28484,28504,28517,28536,28546,28571,28582,28595,28614,28634,28650,28660,28669,28689,28708,28721,28731,28740,28749,28755,28760,28766,28777,28780
227,Slovakia,48.669,19.699,0,0,0,0,0,0,0,0,0,0,0,0,0,0,0,0,0,0,0,0,0,0,0,0,0,0,0,0,0,0,0,0,0,0,0,0,0,0,0,0,0,0,0,0,1,1,3,3,7,10,16,32,44,54,63,72,105,123,137,178,185,186,204,216,226,269,292,314,336,363,400,426,450,471,485,534,581,682,701,715,728,742,769,835,863,977,1049,1089,1161,1173,1199,1244,1325,1360,1373,1379,1381,1384,1391,1396,1403,1407,1408,1413,1421,1429,1445,1455,1455,1457,1457,1465,1469,1477,1480,1493,1494,1495,1495,1496,1502,1503,1504,1509,1511,1513,1515,1520,1520,1521,1521,1522,1522,1525,1526,1526,1528,1528,1530,1531,1533,1541,1542,1545,1548,1552,1552,1561,1562,1576,1586,1587,1588,1589,1607,1630,1643,1657,1664,1665,1667,1687,1700,1720,1749,1764,1765,1767,1798,1851,1870,1893,1901,1902,1908,1927,1951,1965,1976,1979,1980,2021,2058,2089,2118,2141,2179,2181,2204,2245,2265,2292,2337,2344,2354,2368,2417,2480,2523,2566,2596,2599,2615,2690,2739,2801,2855,2902,2907,2922,3022,3102,3225,3316,3356,3424,3452,3536,3626,3728,3842,3876,3917,3989,4042,4163,4300,4526,4614,4636,4727,4888,5066,5252,5453,5532,5580,5768,5860,6021,6256,6546,6677,6756,6931,7269,7629,8048,8600,9078,9343,9574,10141,10938,11617,12321,13139,13492,13812,14689,15726,16910,18797,19851,20355,20886,22296,24225,26300,28268,29835,30695,31400,33602,35330,37911,40801,43843,45155,46056,48943,51728,55091,57664,59946,61829,63556,66772,68734,71088,73667,75495,76072,77123,79181,81772,83796,85567,86767,87276,88602,89913,91578,93396,95257,96241,96472,97493,99304,101257,103106,104632,105733,105929,107183,109226,111208,113392,115462,116731,117283,119232,121796,124921,127087,130794,132984,133489,135523,139088,142133,146124,149275,151336,152555,155218,158905,161562,165608,166649,167523,168092,170187,173228,179543,184508,186244,187463,188099,191088,196047,198184,201164,205236,208209,209069,211479,215055,217978,220707,222752,223325,224385,226294,228778,231242,233027,234571,236476,237027
263,UK,55.3781,-3.4360000000000004,0,0,0,0,0,0,0,0,0,2,2,2,8,8,9,9,9,13,14,14,15,16,17,18,18,18,19,19,20,22,23,23,28,30,34,37,44,56,61,94,134,189,245,294,373,428,482,629,887,1298,1787,2266,2630,3072,3684,4452,5451,6506,7760,8957,10333,12668,15039,17732,20816,24017,26839,29696,33969,38484,43398,48263,53178,57198,60792,66067,71517,76646,81498,85813,89390,92885,97068,101393,106458,111756,116721,121437,125289,130147,134907,140397,145540,150513,154261,157729,162431,167152,172587,177543,182270,185491,188465,191843,195527,199358,203125,206174,208324,210645,214228,217617,220915,223524,226041,228106,229932,232506,235547,238253,240795,242825,244332,245680,247287,248937,250739,252473,253977,255076,256145,257579,259046,260388,261622,262727,263518,264235,265321,266474,267656,268657,269710,270597,271404,272430,273507,274504,275524,276504,277170,277792,278684,279566,280340,281037,281675,282308,282703,283307,283710,283770,283774,284276,284900,285416,285768,286349,286979,287621,288133,288953,289603,290133,291373,291911,292552,293239,294066,294792,295372,295817,296377,297146,297914,298681,299426,300111,300658,301455,302301,303181,303942,304685,305623,306293,307184,308134,309005,309763,310825,311641,312789,313798,314927,316367,317379,318484,319197,320286,321098,322280,323313,324601,325642,326614,327798,328846,330368,331644,332752,334467,335873,337168,338676,340411,342351,344164,347152,350100,352560,355219,358138,361677,365174,368504,371125,374228,378219,381614,385936,390358,394257,398625,403551,409729,416363,423236,429277,434969,439013,446156,453264,460178,467146,480017,502978,515571,530113,544275,561815,575679,590844,603716,617688,634920,654644,673622,689257,705428,722409,741212,762542,789229,810467,830998,854010,873800,894690,917575,942275,965340,989745,1011660,1034914,1053864,1073882,1099059,1123197,1146484,1171441,1192013,1213363,1233775,1256725,1290195,1317496,1344356,1369318,1390681,1410732,1430341,1453256,1473508,1493383,1512045,1527495,1538794,1557007,1574562,1589301,1605172,1617327,1629657,1643086,1659256,1674134,1690432,1705971,1723242,1737960,1750241,1766819,1787783,1809455,1830956,1849403,1869666,1888116,1913277,1948660,1977167,2004219,2040147,2073511,2110314,2149551,2188587,2221312,2256005,2288345,2329730,2382865,2432888,2488780,2542065,2599789,2654779,2713563,2774479,2836801,2889419,2957472,3017409,3072349,3118518,3164051,3211576,3260258,3316019,3357361,3395959,3433494,3466849,3505754,3543646,3583907,3617459,3647463,3669658
133,Germany,51.165690999999995,10.451526,0,0,0,0,0,1,4,4,4,5,8,10,12,12,12,12,13,13,14,14,16,16,16,16,16,16,16,16,16,16,16,16,16,16,17,27,46,48,79,130,159,196,262,482,670,799,1040,1176,1457,1908,2078,3675,4585,5795,7272,9257,12327,15320,19848,22213,24873,29056,32986,37323,43938,50871,57695,62095,66885,71808,77872,84794,91159,96092,100123,103374,107663,113296,118181,122171,124908,127854,130072,131359,134753,137698,141397,143342,145184,147065,148291,150648,153129,154999,156513,157770,158758,159912,161539,163009,164077,164967,165664,166152,167007,168162,169430,170588,171324,171879,172576,173171,174098,174478,175233,175752,176369,176551,177778,178473,179021,179710,179986,180328,180600,181200,181524,182196,182922,183189,183410,183594,183879,184121,184472,184924,185450,185750,186109,186506,186522,186691,187226,187267,187518,187682,188252,188604,189817,190299,190670,191272,191768,192480,192871,193371,194036,194458,194693,195042,195418,195893,196370,196780,197198,197523,198064,198343,198699,199001,199332,199709,199919,200180,200456,200890,201450,202045,202426,202735,203325,203717,204276,204881,205623,206278,206667,207112,207707,208546,209535,210399,211005,211220,212111,212828,214113,215039,216196,216903,217288,218508,219540,220859,222281,223791,224488,225007,226700,228120,229706,231292,233029,233861,234494,236122,237583,239010,240571,242126,242835,243305,244802,246015,247411,248840,250283,251058,251728,253626,254957,256433,258149,259735,260817,261737,263222,265014,266869,269048,271247,272932,273965,275560,277412,279025,281346,283712,285026,286339,288631,290471,292913,295539,298374,300027,301573,304673,307127,311137,315941,320495,323463,326309,332850,337314,344487,352107,359802,364664,368671,377068,385591,397922,403874,417350,427808,437698,450258,463419,479621,498354,517736,531790,544346,569598,577131,608611,631172,653992,668114,682624,689146,715693,738094,762832,785093,799733,802946,817526,843757,867484,891525,914118,927990,932367,946822,963192,995879,1017830,1038649,1052494,1055691,1069912,1094678,1117953,1141544,1157514,1183640,1194550,1200006,1229269,1254358,1287092,1314309,1336101,1350810,1357261,1391086,1423830,1454009,1486839,1508518,1514962,1534218,1570371,1604129,1630596,1632736,1646240,1658639,1672643,1692109,1741153,1760520,1762637,1773540,1783896,1796216,1814565,1841228,1886561,1905638,1928462,1929410,1941116,1968326,1993892,2015235,2023828,2038645,2050129,2059382,2071615,2100618,2108895,2125261,2137691,2147769,2154656
129,France,46.2276,2.2137,0,0,2,3,3,3,4,5,5,5,6,6,6,6,6,6,6,11,11,11,11,11,11,11,12,12,12,12,12,12,12,12,12,12,14,18,38,57,100,130,191,212,285,423,613,938,1115,1401,1773,2281,2281,3661,4469,4499,6633,7652,9043,10871,12612,14282,16533,19856,22054,24967,28856,32609,37162,39761,44029,51579,56362,58404,63588,46483,47299,49934,46400,50242,54003,55538,56972,107712,110836,128272,131476,144035,145896,149683,150752,153197,155821,157603,155881,158653,160295,160907,164592,167650,166193,167326,167846,168637,168887,169405,170467,174596,175218,175743,176132,176338,176651,177330,177790,178353,178837,179140,179250,179650,180143,180499,180752,181444,181969,181410,181684,181880,182018,185300,185842,187608,187817,187986,187265,184015,188286,188808,189330,189621,189782,190266,190743,191040,191679,192043,192317,192369,192915,193256,193576,194121,194535,194599,194693,195256,195256,195256,196267,196521,196111,196390,196554,197238,197591,197994,197994,197994,198850,199170,199699,200027,200569,200569,200569,201755,201755,202383,202819,203516,203516,203516,205308,205773,206641,207650,208553,208553,208553,210821,211337,212676,213927,215135,215135,215135,218351,219253,220874,222398,224602,224602,224602,229203,230540,232966,235540,238240,241371,244335,244761,246821,250539,255214,259717,263129,267589,269452,272643,272643,283698,290929,296265,301554,304349,309247,316047,322935,331578,340013,346921,351017,357473,365025,374586,383854,394270,400533,406609,414196,423924,433871,446961,460328,470864,476162,485929,497914,513732,529501,543688,554304,558374,566196,578769,591783,603920,620330,632834,637918,648116,666849,684164,704478,731155,747092,755597,768380,790959,820685,845740,877840,907677,920916,941085,967717,1008483,1050468,1095708,1102262,1174279,1207430,1243855,1290446,1339640,1374691,1420870,1525184,1597139,1549838,1607147,1667604,1754202,1792764,1812919,1834515,1870380,1902644,1926314,1958235,1985427,1994728,2039938,2068297,2088784,2111646,2129287,2142417,2146869,2155722,2171967,2184846,2197283,2209739,2219502,2223393,2231344,2245324,2257894,2269080,2281889,2292838,2296249,2309760,2324300,2337594,2350923,2350793,2376228,2379291,2390419,2407983,2426063,2441737,2458839,2471458,2477255,2488889,2503693,2525234,2545358,2548388,2556621,2559575,2570767,2597124,2616902,2636045,2639404,2651893,2655915,2676195,2701215,2701215,2742349,2762120,2777921,2781503,2800770,2824473,2845701,2866769,2866769,2903975,2907711,2931050,2957547,2979915,3002910,3026320,3044358,3048598
152,Italy,41.87194,12.56738,0,0,0,0,0,0,0,0,0,2,2,2,2,2,2,2,3,3,3,3,3,3,3,3,3,3,3,3,3,3,20,62,155,229,322,453,655,888,1128,1694,2036,2502,3089,3858,4636,5883,7375,9172,10149,12462,15113,17660,21157,24747,27980,31506,35713,41035,47021,53578,59138,63927,69176,74386,80589,86498,92472,97689,101739,105792,110574,115242,119827,124632,128948,132547,135586,139422,143626,147577,152271,156363,159516,162488,165155,168941,172434,175925,178972,181228,183957,187327,189973,192994,195351,197675,199414,201505,203591,205463,207428,209328,210717,211938,213013,214457,215858,217185,218268,219070,219814,221216,222104,223096,223885,224760,225435,225886,226699,227364,228006,228658,229327,229858,230158,230555,231139,231732,232248,232664,232997,233197,233515,233836,234013,234531,234801,234998,235278,235561,235763,236142,236305,236651,236989,237290,237500,237828,238159,238011,238275,238499,238720,238833,239410,239706,239961,240136,240310,240436,240578,240760,240961,241184,241419,241611,241819,241956,242149,242363,242639,242827,243061,243230,243344,243506,243736,243967,244216,244434,244624,244752,245032,245338,245590,245864,246118,246286,246488,246776,247158,247537,247832,248070,248229,248419,248803,249204,249756,250103,250566,250825,251237,251713,252235,252809,253438,253915,254235,254636,255278,256118,257065,258136,259345,260298,261174,262540,263949,265409,266853,268218,269214,270189,271515,272912,274644,276338,277634,278784,280153,281583,283180,284796,286297,287753,288761,289990,291442,293025,294932,296569,298156,299506,300897,302537,304323,306235,308104,309870,311364,313011,314861,317409,319908,322751,325329,327586,330263,333940,338398,343770,349494,354950,359569,365467,372799,381602,391611,402536,414241,423578,434449,449648,465726,484869,504509,525782,542789,564778,589766,616595,647674,679430,709335,731588,759829,790377,824879,862681,902490,935104,960373,995463,1028424,1066401,1107303,1144552,1178529,1205881,1238072,1272352,1308528,1345767,1380531,1408868,1431795,1455022,1480874,1509875,1538217,1564532,1585178,1601554,1620901,1641610,1664829,1688939,1709991,1728878,1742557,1757394,1770149,1787147,1805873,1825775,1843712,1855737,1870576,1888144,1906377,1921778,1938083,1953185,1964054,1977370,1991278,2009317,2028354,2038759,2047696,2056277,2067487,2083689,2107166,2129376,2141201,2155446,2166244,2181619,2201945,2220361,2237890,2257866,2276491,2289021,2303263,2319036,2336279,2352423,2368733,2381277,2390102,2400598,2414166,2428221,2441854,2455185,2466813,2475372
195,Netherlands,52.1326,5.2913,0,0,0,0,0,0,0,0,0,0,0,0,0,0,0,0,0,0,0,0,0,0,0,0,0,0,0,0,0,0,0,0,0,0,0,0,1,1,6,10,18,24,38,82,128,188,265,321,382,503,503,804,959,1135,1413,1705,2051,2460,2994,3631,4204,4749,5560,6412,7431,8603,9762,10866,11750,12595,13614,14697,15723,16627,17851,18803,19580,20549,21762,23097,24413,25587,26551,27419,28153,29214,30449,31589,32655,33405,34134,34842,35729,36535,37190,37845,38245,38416,38802,39316,39791,40236,40571,40770,41087,41319,41774,42093,42382,42627,42788,42984,43211,43481,43681,43870,43995,44141,44249,44447,44700,44888,45064,45236,45445,45578,45768,45950,46126,46257,46442,46545,46647,46733,46942,47152,47335,47574,47739,47903,48087,48251,48461,48640,48783,48948,49087,49204,49319,49426,49502,49593,49658,49722,49804,49914,50005,50074,50147,50223,50273,50335,50412,50487,50548,50621,50657,50694,50746,50798,50840,50921,51022,51093,51146,51252,51351,51454,51581,51725,51910,52073,52241,52404,52595,52732,53005,53151,53374,53621,53963,54301,54732,55098,55470,55955,56381,56982,57501,57987,58564,59194,59424,60627,61204,61840,62495,63002,63484,63973,64525,65054,65589,66097,66554,67128,67543,68114,68624,69131,69632,70140,70667,71129,71863,72464,73208,73862,74787,75584,76548,77688,78511,79781,81012,82099,83399,84778,86320,88073,90047,91934,93778,95995,98240,100597,103141,105918,108631,111626,114540,117551,120845,124097,127922,131889,135892,140471,144999,149988,155810,161781,168280,174653,181498,188876,196163,203954,211938,220052,228234,236226,244391,253134,262405,272401,281052,291254,301597,311889,319991,330255,341374,351178,359861,368147,375890,383523,390488,397730,404401,410065,414745,419412,424819,430453,436544,442458,447871,452701,457003,461612,467257,473190,479260,484648,489818,493744,498653,503123,508866,513325,518910,523478,527523,532444,538050,543924,550445,557224,564291,570437,576965,585685,594523,603603,613487,621944,628577,639746,652525,664456,676673,689705,700873,710683,721071,732570,744057,753905,762985,770400,777902,787300,796981,805164,813765,821163,827726,834064,841163,850790,858914,866235,872847,878263,883135,889221,895687,901696,906956,912554,917308,921580,927110,932884,938628,944042,948933,952950
233,Spain,40.463667,-3.7492199999999998,0,0,0,0,0,0,0,0,0,0,1,1,1,1,1,1,1,1,2,2,2,2,2,2,2,2,2,2,2,2,2,2,2,2,6,13,15,32,45,84,120,165,222,259,400,500,673,1073,1695,2277,2277,5232,6391,7798,9942,11748,13910,17963,20410,25374,28768,35136,39885,49515,57786,65719,73235,80110,87956,95923,104118,112065,119199,126168,131646,136675,141942,148220,153222,158273,163027,166831,170099,172541,177644,184948,190839,191726,198674,200210,204178,208389,213024,202990,205905,207634,209465,210773,212917,213435,215216,216582,217466,218011,219329,220325,221447,222857,223578,224350,227436,228030,228691,229540,230183,230698,230698,231606,232037,232555,233037,234824,235290,235772,235400,236259,236259,237906,238564,239228,239479,239638,239932,240326,240660,240978,241310,241550,241717,241966,242280,242707,243209,243605,243928,244109,244328,244683,245268,245575,245938,246272,246504,246752,247086,247486,247905,248469,248770,248970,249271,249659,250103,250545,250545,250545,251789,252130,252513,253056,253908,253908,253908,255953,256619,257494,258855,260255,260255,260255,264836,266194,267551,270166,272421,272421,272421,278782,280610,282641,285430,288522,288522,288522,297054,302814,305767,309855,314362,314362,314362,322980,326612,329784,337334,342813,342813,342813,359082,364196,370867,377906,386054,386054,386054,405436,412553,419849,429507,439286,439286,439286,462858,470973,479554,488513,498989,498989,498989,525549,534513,543379,554143,566326,566326,566326,593730,603167,614360,625651,640040,640040,640040,671468,682267,693556,704209,716481,716481,716481,748266,748266,769188,778607,789932,789932,789932,813412,825410,835901,848324,861112,861112,861112,888968,896086,908056,921374,936560,936560,936560,974449,988322,1005295,1026281,1046132,1046132,1046132,1098320,1116738,1136503,1160083,1185678,1185678,1185678,1240697,1259366,1284408,1306316,1328832,1328832,1328832,1381218,1381218,1417709,1437220,1458591,1458591,1458591,1496864,1510023,1525341,1541574,1556730,1556730,1556730,1582616,1594844,1605066,1617355,1628208,1628208,1628208,1648187,1656444,1665775,1675902,1684647,1684647,1684647,1702328,1702328,1712101,1720056,1730575,1730575,1730575,1751884,1762212,1773290,1785421,1797236,1797236,1797236,1819249,1829903,1842289,1854951,1854951,1854951,1854951,1879413,1893502,1910218,1928265,1928265,1928265,1928265,1958844,1982544,1982544,2024904,2050360,2050360,2050360,2111782,2137220,2176089,2211967,2252164,2252164,2252164,2336451,2370742,2412318,2456675,2499560,2499560,2499560,2593382
158,South Korea,35.907757000000004,127.766922,1,1,2,2,3,4,4,4,4,11,12,15,15,16,19,23,24,24,25,27,28,28,28,28,28,29,30,31,31,104,204,433,602,833,977,1261,1766,2337,3150,3736,4335,5186,5621,6088,6593,7041,7314,7478,7513,7755,7869,7979,8086,8162,8236,8320,8413,8565,8652,8799,8961,8961,9037,9137,9241,9332,9478,9583,9661,9786,9887,9976,10062,10156,10237,10284,10331,10384,10423,10450,10480,10512,10537,10564,10591,10613,10635,10653,10661,10674,10683,10694,10708,10718,10728,10738,10752,10761,10765,10774,10780,10793,10801,10804,10806,10810,10822,10840,10874,10909,10936,10962,10991,11018,11037,11050,11065,11078,11110,11122,11142,11165,11190,11206,11225,11265,11344,11402,11441,11468,11503,11541,11590,11629,11668,11719,11776,11814,11852,11902,11947,12003,12051,12085,12121,12155,12198,12257,12306,12373,12421,12438,12484,12535,12563,12602,12653,12715,12757,12800,12850,12904,12967,13030,13091,13137,13181,13244,13293,13338,13373,13417,13479,13512,13551,13612,13672,13711,13745,13771,13816,13879,13938,13979,14092,14150,14175,14203,14251,14269,14305,14336,14366,14389,14423,14456,14499,14519,14562,14598,14626,14660,14714,14770,14873,15039,15318,15515,15761,16058,16346,16670,17002,17399,17665,17945,18265,18706,19077,19400,19699,19947,20182,20449,20644,20842,21010,21177,21296,21432,21588,21743,21919,22055,22176,22285,22391,22504,22657,22783,22893,22975,23045,23106,23216,23341,23455,23516,23611,23661,23699,23812,23889,23952,24027,24091,24164,24239,24353,24422,24476,24548,24606,24703,24805,24889,24988,25035,25108,25199,25275,25333,25424,25543,25698,25775,25836,25955,26043,26146,26271,26385,26511,26635,26732,26807,26925,27050,27195,27284,27427,27553,27653,27799,27942,28133,28338,28546,28769,28998,29311,29654,30017,30403,30733,31004,31353,31735,32318,32887,33375,33824,34201,34652,35163,35703,36332,36915,37546,38161,38755,39432,40098,40786,41736,42766,43484,44364,45442,46453,47515,48570,49665,50591,51460,52550,53533,54770,55902,56872,57680,58725,59773,60740,61769,62593,63244,64264,64979,65818,66686,67358,67999,68664,69114,69651,70212,70728,71241,71820,72340,72729,73115,73518,73918,74262,74692,75084,75521,75875
211,Qatar,25.3548,51.1839,0,0,0,0,0,0,0,0,0,0,0,0,0,0,0,0,0,0,0,0,0,0,0,0,0,0,0,0,0,0,0,0,0,0,0,0,0,0,1,3,3,7,8,8,8,8,15,18,24,262,262,320,337,401,439,439,452,460,470,481,494,501,526,537,549,562,590,634,693,781,835,949,1075,1325,1604,1832,2057,2210,2376,2512,2728,2979,3231,3428,3711,4103,4663,5008,5448,6015,6533,7141,7764,8525,9358,10287,11244,11921,12564,13409,14096,14872,15551,16191,17142,17972,18890,20201,21331,22520,23623,25149,26539,28272,29425,30972,32604,33969,35606,37097,38651,40481,42213,43714,45465,47207,48947,50914,52907,55262,56910,58433,60259,62160,63741,65495,67195,68790,70158,71879,73595,75071,76588,78416,79602,80876,82077,83174,84441,85462,86488,87369,88403,89579,90778,91838,92784,93663,94413,95106,96088,97003,97897,98653,99183,99799,100345,100945,101553,102110,102630,103128,103598,104016,104533,104983,105477,105898,106308,106648,107037,107430,107871,108244,108638,109036,109305,109597,109880,110153,110460,110695,110911,111107,111322,111538,111805,112092,112383,112650,112947,113262,113646,113938,114281,114532,114809,115080,115368,115661,115956,116224,116481,116765,117008,117266,117498,117742,117988,118196,118407,118575,118778,118994,119206,119420,119637,119864,120095,120348,120579,120846,121052,121287,121523,121740,121975,122214,122449,122693,122917,123146,123376,123604,123917,124175,124425,124650,124850,125084,125311,125533,125760,125959,126164,126339,126498,126692,126943,127181,127394,127600,127778,127985,128191,128405,128603,128803,128992,129227,129431,129671,129944,130210,130462,130711,130965,131170,131432,131689,131939,132150,132343,132556,132720,132917,133143,133370,133619,133811,134013,134203,134433,134663,134887,135132,135367,135570,135785,136028,136222,136441,136649,136888,137062,137229,137415,137642,137851,138066,138250,138477,138648,138833,139001,139256,139477,139643,139783,139908,140086,140203,140353,140516,140680,140827,140961,141121,141272,141417,141557,141716,141858,142001,142159,142308,142448,142605,142734,142903,143062,143222,143428,143621,143834,144042,144240,144437,144644,144852,145061,145271,145466,145672,145865,146068,146279,146480,146689,146885,147089,147277,147504,147729,148000,148258,148521,148772,149019,149296
249,US,40.0,-100.0,1,1,2,2,5,5,5,6,6,8,8,8,11,11,11,12,12,12,12,12,13,13,14,14,14,14,14,14,14,14,16,16,16,16,16,16,17,17,25,32,55,74,107,184,237,403,519,594,782,1147,1586,2219,2978,3212,4679,6512,9169,13663,20030,26025,34855,46086,56698,68773,86613,105293,124900,143779,165861,192177,224423,256642,288913,321325,351209,382623,413391,444585,480542,514955,544124,571410,598325,627099,652526,682558,715580,743517,769645,799472,825359,854205,887771,920106,950503,977009,1000713,1025296,1051699,1080885,1115729,1143125,1167515,1191606,1216126,1240682,1268139,1294988,1320127,1339012,1358276,1381213,1401617,1428434,1453159,1477332,1495711,1518104,1539112,1561796,1587557,1611210,1632336,1652425,1671124,1690768,1709306,1731631,1756095,1779731,1798731,1816155,1837651,1857485,1879145,1904549,1925713,1943626,1961286,1979674,2000776,2023896,2048762,2073978,2092917,2112735,2136386,2163442,2191956,2223509,2255758,2280878,2312969,2349994,2385638,2425981,2472024,2513367,2554116,2595362,2641772,2693521,2750124,2801450,2847099,2897838,2940857,3001445,3061478,3124001,3192025,3252031,3310466,3369303,3437308,3505424,3581223,3653447,3716016,3776513,3838543,3903028,3973614,4042072,4115364,4180307,4235127,4291914,4358357,4430200,4497735,4566456,4622636,4668177,4713667,4772434,4826932,4886358,4945612,4999767,5045537,5093122,5141078,5197075,5248364,5313683,5360626,5399840,5436468,5481460,5528782,5572572,5621290,5664358,5698642,5735254,5775368,5820659,5865823,5912766,5955445,5989886,6025355,6067032,6107985,6152070,6202487,6245488,6276799,6300275,6327689,6361440,6397530,6445167,6486264,6520555,6554905,6594316,6633125,6678311,6727455,6769607,6807920,6859819,6899459,6938482,6985518,7033693,7078318,7115852,7149053,7192278,7231602,7277203,7331978,7380569,7416320,7455732,7500762,7551684,7610169,7666434,7721372,7767250,7809073,7861169,7920806,7985575,8054615,8111272,8160585,8228313,8290114,8353263,8429458,8511161,8593893,8655953,8723224,8799760,8878904,8969667,9068645,9158379,9263077,9348222,9475061,9579416,9708452,9836209,9963398,10078526,10198806,10339060,10485263,10649644,10829613,10997515,11133687,11296117,11459533,11632395,11823378,12021423,12200613,12347358,12521333,12696345,12879041,12990844,13198834,13354299,13494426,13654519,13841978,14043801,14266129,14498146,14713015,14893864,15088427,15312285,15533932,15764515,16003169,16219677,16407210,16600281,16809426,17055150,17294257,17545163,17737011,17924558,18123158,18320397,18549173,18742396,18839107,19065970,19221660,19395750,19594697,19826679,20060595,20212864,20513236,20721774,20905422,21138800,21392562,21669164,21961102,22222998,22436213,22650066,22876216,23106002,23340866,23581461,23782141,23959470,24102019,24279011,24461543,24654566,24844600,25014756,25145947,25297059
231,South Africa,-30.5595,22.9375,0,0,0,0,0,0,0,0,0,0,0,0,0,0,0,0,0,0,0,0,0,0,0,0,0,0,0,0,0,0,0,0,0,0,0,0,0,0,0,0,0,0,0,1,1,1,3,3,7,13,17,24,38,51,62,62,116,150,202,240,274,402,554,709,927,1170,1187,1280,1326,1353,1380,1462,1505,1585,1655,1686,1749,1845,1934,2003,2028,2173,2272,2415,2506,2605,2783,3034,3158,3300,3465,3635,3953,4220,4361,4546,4793,4996,5350,5647,5951,6336,6783,7220,7572,7808,8232,8895,9420,10015,10652,11350,12074,12739,13524,14355,15515,16433,17200,18003,19137,20125,21343,22583,23615,24264,25937,27403,29240,30967,32683,34357,35812,37525,40792,43434,45973,48285,50879,52991,55421,58568,61927,65736,70038,73533,76334,80412,83890,87715,92681,97302,101590,106108,111796,118375,124590,131800,138134,144264,151209,159333,168061,177124,187977,196750,205721,215855,224665,238339,250687,264184,276242,287796,298292,311049,324221,337594,350879,364328,373628,381798,394948,408052,421996,434200,445433,452529,459761,471123,482169,493183,503290,511485,516862,521318,529877,538184,545476,553188,559859,563598,566109,568919,572865,579140,583653,587345,589886,592144,596060,599940,603338,607045,609773,611450,613017,615701,618286,620132,622551,625056,627041,628259,630595,633015,635078,636884,638517,639362,640441,642431,644438,646398,648214,649793,650749,651521,653444,655572,657627,659656,661211,661936,663282,665188,667049,668529,669498,670766,671669,672572,674339,676084,677833,679716,681289,682215,683242,685155,686891,688352,690896,692471,693359,694537,696414,698184,700203,702131,703793,705254,706304,708359,710515,712412,714246,715868,716759,717851,719714,721770,723682,725452,726823,727595,728836,730548,732414,734175,735906,737278,738525,740254,742394,744732,746945,749182,751024,752269,754256,757144,759658,762763,765409,767679,769759,772252,775502,778571,781941,785139,787702,790004,792299,796472,800872,805804,810449,814565,817878,821889,828598,836764,845083,852965,860964,866127,873679,883687,892813,901538,912477,921922,930711,940212,954258,968563,983359,994911,1004413,1011871,1021451,1039161,1057161,1073887,1088889,1100748,1113349,1127759,1149591,1170590,1192570,1214176,1231597,1246643,1259748,1278303,1296806,1311686,1325659,1337926,1346936,1356716,1369426,1380807,1392568,1404839,1412986,1417537
248,Turkey,38.9637,35.2433,0,0,0,0,0,0,0,0,0,0,0,0,0,0,0,0,0,0,0,0,0,0,0,0,0,0,0,0,0,0,0,0,0,0,0,0,0,0,0,0,0,0,0,0,0,0,0,0,0,1,1,5,5,6,18,47,98,192,359,670,1236,1529,1872,2433,3629,5698,7402,9217,10827,13531,15679,18135,20921,23934,27069,30217,34109,38226,42282,47029,52167,56956,61049,65111,69392,74193,78546,82329,86306,90980,95591,98674,101790,104912,107773,110130,112261,114653,117589,120204,122392,124375,126045,127659,129491,131744,133721,135569,137115,138657,139771,141475,143114,144749,146457,148067,149435,150593,151615,152587,153548,154500,155686,156827,157814,158762,159797,160979,162120,163103,163942,164769,165555,166422,167410,168340,169218,170132,171121,172114,173036,174023,175218,176677,178239,179831,181298,182727,184031,185245,186493,187685,188897,190165,191657,193115,194511,195883,197239,198613,199906,201098,202284,203456,204610,205758,206844,207897,208938,209962,210965,211981,212993,214001,214993,215940,216873,217799,218717,219641,220572,221500,222402,223315,224252,225173,226100,227019,227982,228924,229891,230873,231869,232856,233851,234934,236112,237265,238450,239622,240804,241997,243180,244392,245635,246861,248117,249309,250542,251805,253108,254520,255723,257032,258249,259692,261194,262507,263998,265515,267064,268546,270133,271705,273301,274943,276555,278228,279806,281509,283270,284943,286455,288126,289635,291162,292878,294620,296391,298039,299810,301348,302867,304610,306302,308069,309790,311455,312966,314433,315845,317272,318663,320070,321512,323014,324443,326046,327557,329138,330753,332382,334031,335533,337147,338779,340450,342143,343955,345678,347493,349519,351413,353426,355528,357693,359784,361801,363999,366208,368513,370832,373154,375367,377473,379775,382118,384509,386820,389256,391739,394255,396831,399360,402053,404894,407939,411055,414278,417594,421413,425628,430170,435273,440805,446822,453535,460916,467730,503738,548244,578347,607628,638847,668957,700880,733261,765997,797893,828295,860432,893630,925342,1748567,1780673,1809809,1836728,1866345,1898447,1928165,1955680,1982090,2004285,2024601,2043704,2062960,2082610,2100712,2118255,2133373,2147578,2162775,2178580,2194272,2208652,2220855,2232035,2241912,2255607,2270101,2283931,2296102,2307581,2317118,2326256,2336476,2346285,2355839,2364801,2373115,2380665,2387101,2392963,2399781,2406216,2412505,2418472,2424328,2429605,2435247
213,Russia,61.52401,105.31875600000001,0,0,0,0,0,0,0,0,0,2,2,2,2,2,2,2,2,2,2,2,2,2,2,2,2,2,2,2,2,2,2,2,2,2,2,2,2,2,2,2,3,3,3,4,13,13,17,17,20,20,28,45,59,63,90,114,147,199,253,306,367,438,495,658,840,1036,1264,1534,1836,2337,2777,3548,4149,4731,5389,6343,7497,8672,10131,11917,13584,15770,18328,21102,24490,27938,32008,36793,42853,47121,52763,57999,62773,68622,74588,80949,87147,93558,99399,106498,114431,124054,134687,145268,155370,165929,177160,187859,198676,209688,221344,232243,242271,252245,262843,272043,281752,290678,299941,308705,317554,326448,335882,344481,353427,362342,370680,379051,387623,396575,405843,414328,423186,431715,440538,449256,458102,467073,476043,484630,493023,501800,510761,519458,528267,536484,544725,552549,560321,568292,576162,583879,591465,598878,606043,613148,619936,626779,633563,640246,646929,653479,660231,666941,673564,680283,686852,693215,699749,706240,712863,719449,726036,732547,738787,745197,751612,758001,764215,770311,776212,782040,787890,793720,799499,805332,811073,816680,822060,827509,832993,838461,843890,849277,854641,859762,864948,870187,875378,880563,885718,890799,895691,900745,905762,910778,915808,920719,925558,930276,935066,939833,944671,949531,954328,959016,963655,968297,972972,977730,982573,987470,992402,997072,1001965,1006923,1011987,1017131,1022228,1027334,1032354,1037526,1042836,1048257,1053663,1059024,1064438,1069873,1075485,1081152,1086955,1092915,1098958,1105048,1111157,1117487,1123976,1131088,1138509,1146273,1154299,1162428,1170799,1179634,1188928,1198663,1209039,1219796,1231277,1242258,1253603,1265572,1278245,1291687,1305093,1318783,1332824,1346380,1361317,1376020,1390824,1406667,1422775,1438219,1453923,1471000,1487260,1503652,1520800,1537142,1553028,1570446,1588433,1606267,1624648,1642665,1661096,1680579,1699695,1720063,1740172,1760420,1781997,1802762,1822345,1843678,1865395,1887836,1910149,1932711,1954912,1975629,1998966,2023025,2047563,2071858,2096749,2120836,2144229,2169424,2196691,2223500,2249890,2275936,2302062,2327105,2354934,2382012,2410462,2439163,2466961,2492713,2518551,2546113,2574319,2602048,2629699,2656601,2682866,2708940,2736727,2764843,2792615,2821125,2850042,2878382,2905196,2934695,2963290,2992123,3019972,3047335,3073923,3100018,3127347,3153960,3179898,3203743,3226758,3250713,3274615,3297833,3321163,3344175,3366715,3389733,3412390,3434934,3459237,3483531,3507201,3530379,3552888,3574330,3595136,3616680,3637862,3658447,3679247,3698246
5,Hamburg,0.0,0.0,0,0,0,0,0,0,0,0,0,0,0,0,0,0,0,0,0,0,0,0,0,0,0,0,0,0,0,0,0,0,0,0,0,0,0,0,0,0,1,2,2,5,6,11,14,18,23,44,73,103,144,182,261,339,419,552,687,873,1019,1125,1274,1406,1613,1775,1945,2087,2232,2347,2418,2577,2716,2882,3040,3148,3256,3349,3558,3675,3788,3885,3964,4010,4051,4128,4212,4285,4392,4431,4453,4486,4543,4592,4641,4682,4726,4743,4764,4789,4831,4856,4864,4877,4880,4889,4910,4931,4948,4960,4970,4973,4977,4979,4993,5003,5015,5021,5022,5023,5026,5039,5041,5044,5047,5047,5048,5051,5052,5052,5057,5058,5064,5066,5068,5078,5084,5089,5090,5091,5094,5096,5100,5107,5111,5114,5115,5116,5119,5126,5134,5138,5142,5146,5149,5158,5169,5173,5181,5183,5190,5191,5194,5203,5205,5207,5208,5211,5214,5218,5221,5223,5225,5225,5225,5226,5228,5229,5235,5239,5240,5242,5247,5256,5280,5292,5314,5329,5333,5340,5355,5385,5406,5425,5442,5448,5491,5527,5585,5645,5679,5713,5727,5761,5790,5838,5864,5898,5908,5916,5933,5965,6000,6029,6063,6079,6101,6127,6159,6189,6208,6246,6286,6305,6332,6362,6417,6467,6508,6543,6575,6598,6655,6724,6775,6829,6859,6894,6940,6985,7041,7122,7197,7262,7293,7338,7416,7491,7581,7677,7752,7802,7860,7951,8052,8129,8282,8364,8440,8538,8633,8740,8868,8987,9046,9129,9272,9367,9561,9720,9889,10044,10140,10314,10544,10865,11241,11658,11905,12117,12436,12950,13355,13853,14322,14594,14818,15216,15793,16316,16822,17289,17704,17969,18375,18944,19388,19853,20301,20544,20744,21094,21487,21983,22415,22890,23073,23210,23468,23864,24166,24470,24575,24678,24826,25133,25469,25760,26251,26606,26807,27061,27331,27679,28137,28593,29106,29397,29690,30010,30544,31037,31585,32169,32545,32766,33388,34018,34559,34896,35109,35357,35511,35999,36493,37072,37414,37628,37900,38103,38613,39139,39625,40146,40519,40723,41008,41359,41749,42095,42406,42796,42951,43071,43364,43673,43978,44262,44501,44757,44895,44919
2,Berlin,0.0,0.0,0,0,0,0,0,0,0,0,0,0,0,0,0,0,0,0,0,0,0,0,0,0,0,0,0,0,0,0,0,0,0,0,0,0,0,0,0,0,0,0,0,6,9,19,24,25,37,59,93,135,182,241,270,296,359,452,598,778,948,1076,1144,1303,1502,1747,2033,2238,2435,2522,2689,2902,3089,3327,3566,3674,3752,3896,4098,4276,4452,4534,4621,4675,4734,4808,4921,5015,5135,5217,5250,5295,5371,5452,5539,5612,5667,5688,5744,5823,5891,5948,5973,6004,6036,6088,6141,6199,6257,6261,6278,6286,6303,6340,6398,6443,6459,6475,6483,6516,6562,6610,6620,6656,6664,6667,6689,6711,6753,6778,6808,6831,6858,6860,6901,6956,6988,7023,7039,7047,7076,7133,7213,7263,7305,7373,7385,7416,7491,7576,7704,7841,7876,7896,7959,8029,8087,8149,8192,8209,8211,8264,8299,8345,8402,8443,8474,8476,8509,8546,8592,8626,8660,8664,8665,8692,8717,8741,8757,8778,8797,8797,8828,8861,8888,8935,8996,9014,9017,9058,9122,9191,9240,9316,9350,9350,9398,9455,9522,9605,9707,9726,9732,9828,9933,10077,10166,10241,10274,10277,10376,10452,10523,10633,10710,10742,10743,10838,10905,11004,11080,11183,11218,11223,11346,11414,11499,11576,11695,11742,11745,11877,11933,12047,12188,12277,12319,12325,12420,12537,12712,12888,13080,13138,13166,13359,13528,13713,13940,14146,14229,14257,14460,14678,14954,15269,15611,15709,15820,16136,16462,16958,17417,17925,18095,18245,18844,19355,19943,20631,21261,21428,21623,22404,23302,24118,25022,25949,26231,26561,27583,28717,30007,31057,32128,32483,32842,34258,35586,36823,38129,39295,39704,39999,41477,42775,44452,46017,47412,47874,48465,50085,51773,53129,54569,56050,56508,56897,58508,60009,61271,62600,63905,64393,64661,65858,66956,68117,69536,71003,71437,71766,73118,74338,75777,77209,78543,79016,79317,80862,82055,83631,85296,86838,87341,87691,89271,90719,92301,92896,93074,93770,94249,95396,96610,97672,98158,98431,98914,99373,100398,101578,102956,104622,105902,106333,106572,107942,109118,110326,111348,112256,112546,112709,113380,114277,115154,115832,116469,116733,116787,117103
1,Bayern,0.0,0.0,0,0,0,0,0,0,2,4,4,9,9,9,10,13,13,14,15,15,15,15,17,18,18,18,18,18,18,18,18,18,18,18,19,19,19,19,20,22,24,28,34,40,50,69,120,140,160,247,358,478,614,866,1098,1267,1536,2009,2763,3584,4448,5558,6117,6839,8058,9742,11445,13091,14511,15375,16419,18269,20256,22196,24063,25557,26281,27411,28945,30492,31762,32708,33472,33891,34355,35108,36073,36939,37719,38240,38627,39006,39507,40104,40675,41203,41512,41701,42042,42404,42709,42999,43222,43360,43451,43617,43829,44095,44328,44537,44660,44738,44926,45139,45327,45535,45670,45771,45829,45917,46025,46219,46312,46429,46507,46601,46689,46823,46939,47027,47105,47188,47225,47245,47282,47336,47420,47477,47500,47539,47580,47625,47700,47735,47768,47790,47808,47842,47885,47928,47974,48015,48048,48076,48117,48164,48220,48280,48366,48409,48440,48501,48587,48650,48719,48802,48872,48900,48983,49073,49143,49232,49323,49384,49402,49463,49550,49657,49755,49834,49883,49927,50005,50090,50169,50269,50403,50557,50642,50716,50818,50936,51037,51182,51254,51324,51448,51618,51736,51869,51948,51995,52028,52212,52389,52593,52830,53049,53137,53299,53667,53981,54381,54775,55087,55280,55404,55761,56094,56587,56997,57282,57456,57568,57844,58177,58523,58923,59308,59617,59816,60248,60709,61245,61641,62002,62258,62475,62871,63419,63936,64471,64932,65241,65407,65797,66138,66566,66968,67329,67568,67695,68117,68459,68855,69206,69553,69859,70010,70371,70866,71530,72218,72959,73381,73702,74380,75070,76222,77493,78759,79742,80318,81399,82863,85089,87331,89454,91122,92532,94825,97552,100679,103663,106801,109422,111496,114330,117760,121479,125437,129912,133025,135211,138243,142107,146712,151311,155395,158548,160084,162517,166123,170896,175498,179709,182501,184335,187344,191188,195499,200050,203862,206750,208787,211457,215062,219490,224050,227855,230690,233124,236092,240393,245406,250317,255267,258651,261313,264413,269238,274581,280167,284962,288636,290927,293746,298093,303455,306937,309687,311924,313639,315966,320434,326164,330052,332033,333873,335614,337856,342155,345654,349219,353283,356309,358061,360028,363352,367402,370662,373561,375712,377010,378157,381048,383907,386369,388668,390442,391427,391771
9,Nordrhein-Westfalen,0.0,0.0,3,3,9,12,12,12,13,13,14,14,14,14,14,14,14,14,14,14,14,14,14,15,15,15,15,15,15,15,15,16,16,16,16,16,16,19,38,73,88,111,126,155,246,343,405,473,499,596,771,973,1257,1675,1998,2239,2849,3756,4473,5615,6490,7181,7616,8499,9296,10333,11377,12477,13226,13857,14625,15682,16837,18043,19100,19785,20293,21169,22083,23129,24142,24758,25342,25725,26019,26538,27206,27945,28580,29047,29386,29940,30396,30872,31259,31591,31813,31965,32189,32457,32706,33089,33321,33469,33590,33761,34001,34319,34639,34854,35045,35149,35355,35591,35802,35994,36214,36354,36444,36631,36825,36984,37092,37188,37262,37318,37453,37600,37738,37854,37951,38035,38079,38122,38213,38332,38467,38582,38677,38718,38803,38926,39069,39140,39224,39334,39410,39508,39712,40317,40539,41040,41344,41500,41787,42017,42256,42540,42798,42962,43079,43286,43465,43641,43844,44013,44134,44194,44275,44426,44611,44767,44938,45061,45123,45217,45372,45592,45852,46051,46197,46263,46422,46606,46872,47171,47481,47678,47738,47906,48189,48551,48898,49259,49482,49633,49930,50304,50755,51184,51546,51879,52058,52412,52843,53404,53941,54441,54767,54938,55324,55690,56072,56435,56880,57075,57230,57506,57788,58094,58409,58667,58829,58966,59219,59470,59749,60056,60348,60560,60670,60895,61107,61455,61772,62162,62483,62671,63044,63439,63911,64511,65046,65444,65624,66046,66503,67038,67648,68280,68839,69171,69610,70210,70972,71811,72550,73209,73541,74242,75085,76269,77560,78973,80032,80780,81702,83036,84991,87063,89091,90706,91883,93401,95606,98641,102538,106374,109885,112424,115174,118869,123780,129616,134837,138718,141945,145792,150486,155674,161511,166672,170423,173371,177486,181839,186986,192711,197838,202043,204397,208344,212665,218187,223915,228985,232147,234141,238065,242331,247254,251890,256266,259702,261651,264343,268226,273078,277848,282355,285744,287806,291184,295713,301009,306813,312667,316791,319312,323034,328206,334362,340576,346499,350919,353898,357988,363585,370393,374202,376440,378505,380815,383424,388322,394140,397304,399014,400904,402725,405177,410084,416110,421157,425524,428588,430137,432403,436459,440792,444809,448324,451149,452295,454013,457475,461447,464704,467813,470349,471244,472363
0,Baden-WÃ¼rttemberg,0.0,0.0,0,0,0,0,0,0,0,0,0,0,0,0,0,0,0,0,0,0,0,0,0,0,0,0,0,0,1,1,1,1,1,1,1,2,4,8,11,18,20,21,31,55,93,129,180,212,231,283,400,546,735,1049,1375,1558,1990,2592,3398,4055,4905,5473,6021,6672,7859,9046,10269,11520,12531,13191,14124,15349,16592,18012,19287,20148,20644,21213,22118,23053,24054,24721,25471,25899,26190,26561,27184,27845,28400,28791,29089,29365,29759,30264,30688,31055,31370,31503,31674,31859,32137,32395,32548,32659,32708,32785,32911,33039,33216,33422,33550,33602,33700,33800,33927,34030,34137,34191,34223,34264,34367,34455,34497,34561,34610,34627,34662,34719,34799,34863,34902,34926,34937,34944,34961,34992,35040,35074,35105,35118,35130,35161,35212,35226,35257,35267,35287,35304,35343,35368,35393,35428,35464,35476,35501,35537,35581,35624,35698,35733,35744,35760,35808,35856,35888,35928,35950,35954,35995,36031,36076,36129,36167,36191,36207,36252,36318,36364,36423,36504,36562,36590,36657,36710,36812,36903,37014,37065,37083,37164,37231,37331,37426,37529,37572,37583,37638,37705,37797,37877,37958,38016,38040,38121,38243,38394,38545,38698,38792,38823,39045,39322,39614,39872,40179,40363,40503,40736,41040,41333,41664,41952,42130,42277,42453,42741,43047,43330,43620,43885,43985,44207,44448,44734,45016,45283,45507,45620,45815,46186,46543,46915,47217,47422,47536,47724,47964,48293,48599,48921,49200,49341,49553,49807,50136,50522,50942,51218,51377,51669,52283,52885,53480,54202,54838,55141,55690,56524,57464,58544,59619,60415,60953,61718,63084,64802,66792,68742,70073,70996,72812,74937,77589,80021,82732,84359,85616,87517,90315,93022,96015,98846,101227,102389,104047,106472,109506,112519,115242,117234,118338,119879,122533,125727,128788,131620,133731,134787,136043,138326,141199,144279,146972,148948,150110,151502,154016,157307,160552,163682,166129,167561,169365,172542,176751,180682,184366,187279,189206,191457,195087,199197,203702,207869,211162,213125,215438,218883,223403,226667,228354,229760,230722,232637,235669,239497,242290,243613,244613,245695,247137,250347,252929,255483,258318,260476,261661,262951,265514,268520,270709,272745,274370,275126,275939,277861,280016,281953,283393,284704,285208,285579
36,New York,2637.7373826599996,-4679.39936508,0,0,0,0,0,0,0,0,0,0,0,0,0,0,0,0,0,0,0,0,0,0,0,0,0,0,0,0,0,0,0,0,0,0,0,0,0,0,0,0,0,1,10,21,24,76,105,138,152,216,296,379,557,633,961,1407,2507,4221,7660,10410,15191,20884,25681,30841,37397,44701,52400,59648,66663,75853,90377,100780,111455,121705,132700,142561,149974,160185,172256,183729,192262,200635,208488,215959,222617,230506,237492,244369,251013,257399,262032,266291,271788,278456,287898,293575,297888,300796,303932,308309,312799,317174,320685,323828,325934,328057,331268,334167,336802,339202,341026,342356,343874,346213,348461,350979,353002,354500,355886,357052,358918,360818,362889,364697,366388,367349,368282,369438,371101,372473,373682,374818,375887,376676,377888,379011,380066,380923,381659,382257,382718,383528,384344,385104,385797,386464,386973,387384,388083,388907,389602,390268,390910,391411,391884,392698,393527,394261,394872,395406,395909,396456,397363,398277,399054,399776,400298,400746,401314,402079,402999,403877,404624,405259,406132,406834,407724,408551,409380,410024,410698,411398,411954,412807,413557,414317,414945,415580,416085,416657,417454,418144,418899,419452,420042,420675,421159,421901,422479,423177,423751,424272,424854,425318,425960,426610,427302,427912,428385,428923,429440,430123,430860,431543,432085,432558,433113,433595,434393,435062,435756,436469,437154,437757,438405,439322,440192,441012,441748,442315,442817,443409,444071,445102,446028,446862,447524,448213,448897,449922,450753,451655,452507,453142,453730,454299,455400,456400,457573,458605,459574,460553,461537,462861,464620,466307,467693,468840,469989,471207,473285,474894,476397,477671,478925,480129,481227,482765,484512,486207,487719,488928,490166,491882,493774,495608,497732,499652,501197,502978,504689,507040,509368,511761,513883,515753,517822,519890,523107,526318,530218,533797,537243,541200,545453,550678,556344,561921,566113,570323,574935,579811,585635,591368,597680,603360,609797,614679,620712,628024,636302,643163,648641,656413,663500,671635,681783,693629,704683,714834,723287,731722,740980,752104,763228,774228,784815,794953,803917,813336,825059,837711,847778,857083,866888,876281,886813,899837,912885,924014,932022,940290,950473,963390,978783,995816,1011665,1023897,1035139,1048281,1064297,1081885,1101445,1119284,1135592,1149771,1164562,1179266,1193453,1212922,1228867,1242561,1255971,1268692,1279811,1293719,1309403,1323312,1335695,1347667
5,California,2194.94977547,-7002.258461499999,0,0,0,0,2,2,2,2,2,3,3,3,6,6,6,6,6,6,6,6,7,7,8,8,8,8,8,8,8,8,10,10,10,10,10,10,11,11,12,12,21,25,35,51,59,81,95,101,144,178,221,281,372,373,557,700,831,1009,1243,1412,1651,2113,2542,3009,3910,4679,5110,5863,7155,8233,9415,10796,12023,12844,15040,16034,17360,18902,19718,21094,21722,22810,23949,25406,26699,27687,29470,30805,31660,33946,35793,37739,39946,41803,42771,43888,45387,46714,49310,50712,52536,53833,55323,56419,59039,61245,62869,64564,67285,68231,70039,71770,73603,75580,77427,79471,80809,82320,84635,86839,88951,91239,93404,94818,97152,100312,102035,104893,107723,110937,112919,115688,118292,120583,123516,127034,129748,131811,135114,138188,141313,145086,148434,151901,154061,157620,161149,165425,170343,174428,178876,182137,188948,196541,201863,207480,213752,217720,222821,231578,239724,247317,255494,259664,261909,273416,279891,292859,301140,310753,319276,326299,331786,340931,353610,362293,372098,381075,388450,394389,405371,416450,428241,437338,446585,452831,458378,464577,477355,491537,499519,507206,513078,518282,522847,532850,537165,547639,553552,560936,566043,579653,585315,596862,602811,617459,622431,627796,633339,641991,651034,655845,662393,667587,672383,678544,683935,689691,694375,699805,704167,707908,714572,717680,723228,728194,732939,737450,740843,742903,746352,749284,752889,756874,760879,763598,767195,770276,773706,777473,781897,785648,788422,792461,795518,799035,802365,806526,810291,812602,815551,818673,822191,825341,829169,832566,835579,838480,841285,845116,848587,852445,855740,858372,861215,864710,868671,871721,874941,877372,879380,883429,887527,890810,897298,902835,907599,910407,914374,918795,923268,927714,932079,936255,940200,945821,950944,956520,963049,969497,974393,980738,987844,996453,1001880,1011951,1021804,1030034,1038776,1050688,1062095,1074204,1088201,1101494,1115122,1123987,1141930,1159318,1173797,1181614,1198409,1212263,1226219,1244952,1262927,1282173,1305611,1330683,1356263,1383556,1412484,1440537,1473446,1509057,1546199,1575719,1607328,1631919,1675929,1738097,1784859,1833771,1869881,1909406,1954347,1990644,2035301,2068468,2085231,2144654,2178934,2222669,2258759,2291414,2325599,2365024,2415246,2452262,2490518,2529480,2567843,2609088,2651984,2704483,2744008,2784716,2832085,2870104,2910044,2948054,2983149,3014428,3043005,3078551,3097632,3122705,3147207,3168028,3187475,3213222
49,Texas,8041.803434339999,-25057.879425249983,0,0,0,0,0,0,0,0,0,0,0,0,0,0,0,0,0,0,0,0,0,0,0,0,0,0,0,0,0,0,0,0,0,0,0,0,0,0,0,0,0,0,0,3,4,8,11,13,16,21,27,44,60,64,85,111,197,306,429,582,643,764,968,1248,1563,1937,2455,2792,3173,3809,4309,4984,5755,6596,7243,8108,8996,9858,11276,12227,13145,13780,14328,15088,16044,16985,17925,18724,19282,19847,20785,21577,22797,23772,24287,25051,25565,26506,27542,28890,29970,31126,32123,32889,34137,35225,36244,37530,38983,39807,40701,42030,43456,44701,45891,47650,48630,49400,50740,51985,53279,53817,54932,55961,56434,57468,58838,60625,61254,63045,64744,65732,67569,69122,70802,72610,74652,75697,76689,78427,80986,82940,85051,87192,88779,90488,93764,98119,101566,105635,110250,113112,118222,123440,129210,134997,140671,146254,151045,157434,163737,172859,180169,187527,194601,198866,206410,216769,226133,237792,247074,255320,263551,270707,281105,292477,306424,318175,327611,335654,344484,352767,364292,373803,381162,390803,394669,401119,409885,420556,429579,440681,446789,449977,459256,470160,480704,488041,495960,502563,507929,513939,522215,528743,535743,545700,552814,560484,565979,573798,579406,584628,590339,594118,598772,603193,609534,615772,619814,625053,630092,632865,636201,641231,645406,648964,654952,659411,661911,662778,666409,671279,673011,678941,681808,686166,690216,697241,701187,705749,709198,712051,717727,739487,746171,747945,752811,756802,760281,765003,767990,774438,778057,781843,787698,793064,795520,799793,806225,811391,815327,819912,824119,826196,828815,834761,840829,845717,851830,856684,862191,865445,870980,877928,880754,887961,897630,901131,907706,914584,921888,928809,934760,942850,975717,982529,992250,1003342,1014091,1023763,1031453,1039049,1046241,1058874,1072157,1083440,1096469,1107456,1115378,1124116,1137495,1151317,1165609,1179707,1192973,1201930,1210459,1231319,1248700,1256127,1261000,1267016,1281337,1291458,1306735,1327263,1346216,1360818,1374889,1387163,1394656,1414125,1428656,1444808,1460691,1474276,1483168,1493486,1514508,1536275,1553765,1570908,1585167,1594965,1607985,1629816,1652488,1661626,1664941,1670355,1699194,1707818,1732971,1754975,1772784,1782956,1801181,1816886,1831146,1864173,1884799,1910091,1932554,1951915,1968189,1990204,2014645,2040751,2068637,2094921,2112662,2127111,2138190,2157459,2185554,2208871,2227789,2242473,2250421,2269424
3,Arizona,505.13855463,-1671.9484819,0,0,0,0,1,1,1,1,1,1,1,1,1,1,1,1,1,1,1,1,1,1,1,1,1,1,1,1,1,1,1,1,1,1,1,1,1,1,1,1,1,1,1,1,2,4,4,4,6,9,9,9,12,12,18,20,27,45,68,104,152,235,326,401,508,665,773,919,1157,1289,1413,1596,1769,2019,2269,2460,2575,2726,3018,3112,3393,3542,3705,3809,3964,4237,4511,4724,4933,5068,5256,5473,5772,6045,6286,6534,6725,6955,7209,7655,7969,8364,8640,8924,9305,9707,9945,10526,10960,11119,11383,11736,12216,12674,13169,13666,13945,14208,14576,14906,15348,15624,16053,16377,16575,16864,17318,17877,18472,19258,19936,20129,21264,22356,22886,24439,25451,26989,27678,28296,29852,31267,33039,34660,35706,36844,39185,40937,43445,46910,50127,52591,54599,58378,60190,63281,66659,70124,73920,74545,79228,84105,87445,91872,94567,98103,101455,105094,108614,112671,116892,119930,122467,123824,128097,131354,134613,138523,141265,143624,145183,148683,150609,152944,156301,160041,162014,163827,165934,168273,170798,174010,177002,178467,179497,180505,182203,183656,185053,186107,186923,187523,188737,189443,190794,191721,192654,193537,194005,194920,195557,196280,196899,197895,198103,198414,199273,199459,200139,200658,201287,201661,201835,202342,202861,203953,204681,205517,205767,205964,206045,206541,207002,207523,208128,208512,208725,209209,209907,211660,212942,213551,214021,214251,214846,215284,215852,216367,216826,217237,217510,218184,218507,219212,219763,220399,220754,221070,221934,222538,223401,224084,224978,225575,226050,226734,227635,228748,229486,230459,231149,231897,232937,233912,234906,235882,236772,238163,238964,240122,241165,242480,244045,245946,247473,248139,249818,250633,252768,254764,257384,259264,259699,263133,265163,266562,269577,273053,275436,276912,279896,283102,287225,291696,295334,299665,302324,306868,310850,314324,318638,322774,325995,326817,337139,340979,346421,352101,358900,364276,365843,378157,382601,387529,394512,402589,408442,420248,424382,429219,435036,442671,448231,453597,461345,467215,473273,480319,486935,493041,494337,504423,507222,512489,520207,530267,539150,556384,561542,567474,574680,584593,596251,607345,618546,627541,636100,641729,649040,658186,666901,673882,679282,685699,690544,699942,708041,715357,722574,727895
17,Illinois,4064.04900553,-9096.1896671,0,0,1,1,1,1,1,1,1,2,2,2,2,2,2,2,2,2,2,2,2,2,2,2,2,2,2,2,2,2,2,2,2,2,2,2,2,2,2,3,4,4,4,5,5,6,7,7,12,25,32,46,64,66,83,161,272,422,585,753,1049,1285,1537,1865,2538,3024,3491,4596,5056,5994,6980,7695,8904,10357,11259,12262,13553,15078,16422,17887,19180,20852,22025,23248,24593,25734,27578,29160,30357,31513,33059,35107,36937,39658,41777,43903,45883,48102,50358,52918,56055,58505,61499,63777,65889,68232,70871,73760,76085,77741,79007,83021,84694,87937,90369,92457,94191,96485,98030,100418,102688,105444,107796,110304,112017,113195,114306,115833,117455,118917,120260,121234,122848,123830,124759,125915,126890,127757,128415,129212,129837,130603,131198,131871,132543,133016,133639,134185,134778,135470,136104,136762,137224,137825,138540,139434,140291,141077,141723,142461,143185,144013,144882,145750,146612,147251,147865,149574,150554,151572,152899,154094,155048,155931,156638,157825,159082,160509,161785,162750,163922,164864,166475,168096,169696,171122,172663,173894,174968,176363,178135,180115,181754,183224,184522,185993,187752,189705,191808,193998,195380,196699,198248,199893,201727,204023,205851,207412,209185,210924,213220,215052,217345,219701,221594,223206,224887,227043,228750,231186,233066,235058,236724,238216,240344,241704,247298,250102,251515,252884,254276,255613,257566,259879,261999,263459,264831,266295,268238,270294,272517,275041,276443,277920,279453,281303,283559,286332,288773,290373,292082,293448,295720,297884,300340,302782,304235,306088,307705,310335,313429,316546,319451,322178,324918,327771,330637,334651,339757,343386,347631,350744,354457,358799,363740,368740,374901,378958,383687,387687,393797,400159,408648,416547,423527,429749,436265,443803,453738,465540,477978,487987,498560,511183,523840,536542,551957,562985,573616,585248,597849,606771,621383,634395,646286,656298,664620,674089,685467,697489,705063,712936,720114,726304,738846,748603,759562,770088,779975,787573,796264,804174,812430,823531,832951,841688,848904,856118,863477,870600,879428,886805,894367,900370,905069,911308,918070,925107,930849,934142,937909,942362,948006,955380,963389,963389,975352,979821,984880,991719,999288,1008045,1017322,1024039,1028750,1033526,1040168,1046030,1052682,1059324,1064667,1068829,1072214,1076532,1081354,1086333,1093375,1098527,1101819,1104763
11,Florida,1939.0305769000004,-5540.949841920001,0,0,0,0,0,0,0,0,0,0,0,0,0,0,0,0,0,0,0,0,0,0,0,0,0,0,0,0,0,0,0,0,0,0,0,0,0,0,0,0,1,2,2,3,3,7,10,13,15,24,30,50,76,100,101,190,306,432,564,763,1004,1227,1412,1682,2357,2900,3763,4246,5473,6741,6956,9008,10268,11537,12350,13324,14545,15456,16364,17531,18494,19895,21019,21628,22511,23343,24759,25492,26314,27059,27869,28309,29648,30533,30839,31532,32138,32848,33193,33690,34728,35463,36078,36897,37439,38002,38828,39199,40001,40596,40982,41923,42402,43210,44138,44811,45588,46442,46944,47471,48675,49451,50127,50867,51746,52255,52634,53285,54497,55424,56163,56830,57447,58764,60183,61488,62758,63938,64904,66000,67371,69069,70971,73552,75568,77326,80109,82719,85926,89748,93797,97291,100217,103503,109014,114018,122960,132545,141075,146341,152434,158997,169106,178594,190052,200111,206447,213794,223783,232718,244151,254511,269811,282435,291629,301810,315775,327241,337569,350047,360394,369834,379619,389868,402312,414511,423855,432747,441977,451423,461379,470386,480028,487132,491884,497330,502739,510389,518075,526577,532806,536961,542792,550901,557137,563285,569637,573416,576094,579932,584047,588602,593286,597597,600571,602829,605502,608722,611991,615806,619003,621586,623471,631040,633442,637013,640211,643867,646431,648269,650092,652259,654731,658381,661571,663994,665730,668846,671201,674456,677660,681233,683754,685439,687909,690499,693040,695887,698682,700564,701302,704568,706516,709144,711804,714591,716459,717874,720125,722707,726013,728921,728921,734491,736024,738749,741632,744988,748437,752481,755020,756727,760389,762533,768091,771780,776251,778636,782013,786311,790426,794624,800216,802547,807412,812063,816700,821123,827380,832625,837077,843897,847821,852174,858012,863619,870552,875096,885201,889864,897323,905248,914333,923418,931827,938414,944745,953300,961676,961676,979020,985297,992660,999319,1008166,1018160,1029030,1039207,1049638,1058074,1065785,1073770,1083362,1094697,1106396,1116973,1125931,1134383,1143794,1155335,1168483,1181483,1193165,1201566,1212581,1223015,1234399,1247546,1247546,1264588,1271979,1280177,1292252,1306123,1323315,1323315,1354833,1365436,1376692,1392123,1409906,1429722,1449252,1464697,1477010,1488586,1503482,1517472,1531192,1548067,1560186,1571279,1579281,1589097,1601011,1613884,1627603,1639914,1649449,1658169
40,Ohio,3547.3389435400018,-7289.51590458,0,0,0,0,0,0,0,0,0,0,0,0,0,0,0,0,0,0,0,0,0,0,0,0,0,0,0,0,0,0,0,0,0,0,0,0,0,0,0,0,0,0,0,0,0,0,0,0,3,4,5,12,26,30,50,67,89,119,173,247,356,443,567,704,868,1137,1406,1653,1933,2199,2547,2901,3312,3739,4043,4453,4782,5148,5512,5878,6250,6604,6975,7285,7794,8414,9107,10222,11602,12919,13725,14117,14694,15169,15587,15972,16325,16769,17303,18027,18743,19335,19914,20474,20969,21576,22131,23016,23697,24081,24777,25250,25721,26357,26954,27474,27923,28454,28952,29436,30167,30794,31408,31911,32477,33006,33439,33915,34566,35033,35513,35984,36350,36792,37282,37758,38111,38476,38837,39162,39575,40004,40424,40851,41148,41576,42010,42422,43122,43731,44261,44808,45537,46127,46759,47651,48638,49455,50309,51046,51789,52865,54166,55257,56183,57150,57956,58904,60181,61331,62856,64214,65592,66853,67995,69311,70601,72280,73821,74932,76168,77215,78742,80186,81746,83184,84073,85177,86497,87893,89626,91159,92087,93031,93963,95106,96305,97471,98675,99969,100848,101731,102826,104248,105426,106557,107674,108287,109062,109910,110881,112003,113046,114165,114802,115651,116495,117584,118828,120124,121320,122260,123155,124606,125767,127112,128444,129785,130558,131336,131992,132965,134086,135326,136568,137405,138484,139485,140518,141585,142596,143547,144309,145165,145850,146753,147744,148894,150009,150809,151802,152907,153987,155314,156809,157966,158907,159964,161299,162723,164262,166102,167458,168749,170179,171626,173665,175843,177991,180225,181787,183624,185639,188005,190430,192948,195806,198115,200231,202740,205347,208937,212782,215697,219000,221909,226138,230209,235170,240178,245727,250268,254974,261482,267356,274457,282528,290243,298096,305364,312443,318828,326615,335423,343286,351419,363304,371840,382743,382743,399808,406703,414432,421063,430093,437928,446849,456963,467432,475024,484297,510018,520112,531850,542209,553461,562727,570602,579357,584766,596178,605862,614429,622806,629354,637032,644822,653650,653650,664668,670525,675044,682570,690748,700380,700380,714673,721481,727423,735003,742817,753068,762603,770977,777065,784957,792938,799639,807293,814442,821507,826754,831066,836049,842433,849704,853982,859841,864322,868656
12,Georgia,5216.5566110300015,-13288.811358250005,0,0,0,0,0,0,0,0,0,0,0,0,0,0,0,0,0,0,0,0,0,0,0,0,0,0,0,0,0,0,0,0,0,0,0,0,0,0,0,0,0,2,2,2,3,5,5,10,17,23,31,42,73,99,121,146,197,287,485,555,621,772,1026,1247,1525,2000,2366,2651,2808,3929,4638,5348,5831,6160,6647,7314,8822,9901,10566,11485,12159,12452,13315,14578,14987,15669,17194,17669,18301,19407,19881,21214,21883,22491,23222,23486,24302,24922,25775,26264,27489,28331,28665,29451,29998,30743,31618,32181,32588,33580,34002,34924,35427,35977,36772,37212,37579,38283,38855,39801,40663,41482,42242,42902,43400,43983,44638,45266,45881,46331,47063,47902,48207,48894,49859,50621,51359,51898,52497,53249,53980,54973,55783,56804,57681,58414,59078,60030,60912,62009,63809,64701,65928,67810,69381,71095,72995,74985,77210,79417,81291,84242,87709,90493,93319,95516,97064,100470,103890,106727,111217,114401,116935,120572,123963,127838,131287,135192,139880,143129,145582,148988,152302,156607,161420,165188,167953,170843,175052,178323,182286,186352,190012,193177,195435,197948,201713,204895,209004,213427,216596,219025,222588,226153,228668,231895,235168,237030,238861,241677,243982,246741,249630,252222,253949,256253,258354,260590,263074,265372,267758,268973,270471,272697,274613,277288,279354,281548,283199,283807,285350,287300,289123,290781,292905,294314,295337,296994,299056,300903,302854,305021,306155,307339,308294,310161,311698,312514,313873,314685,315281,316306,318026,319359,320634,322169,322925,323714,324650,326142,327407,329032,330269,331409,332311,333304,334601,336241,337850,339384,340558,341310,342438,343750,345535,347759,349605,350923,351881,353372,355025,356848,358225,360790,361982,362921,394526,397137,399625,402427,405037,406061,407333,411652,413894,416876,419870,422905,424989,426236,430571,433732,437156,440591,446804,449132,451056,454732,457909,461517,464526,467564,469516,471563,476405,482139,487978,494354,499371,501405,506690,512267,517779,525402,531593,538040,542838,546558,553995,560619,568396,576537,582300,587918,591438,600517,608290,618576,624630,628788,632299,636240,645690,654743,666452,677589,685122,690900,696063,706154,713840,723630,736926,748852,757045,764499,773692,782288,791324,801130,809663,815995,820952,828581,836649,844799,853173,862158,866911,870828
26,Michigan,3655.6204674499986,-7070.080729440003,0,0,0,0,0,0,0,0,0,0,0,0,0,0,0,0,0,0,0,0,0,0,0,0,0,0,0,0,0,0,0,0,0,0,0,0,0,0,0,0,0,0,0,0,0,0,0,0,0,2,3,24,36,45,76,90,159,314,471,625,1131,1454,1942,2468,3032,3848,4890,5753,6803,7951,9717,11230,13221,14735,16268,17820,19644,21076,22297,23279,24500,25183,26622,28042,29144,29966,31225,32031,32688,33324,34048,35404,36845,38330,38789,39540,40034,41166,42379,43478,44524,45424,46047,46348,46914,47738,48412,49170,49676,50086,50631,51263,51819,53167,53810,54315,54963,55855,56465,57322,57988,58543,59046,59395,59621,59974,60592,61116,61833,62225,62711,62928,63240,63657,63979,64821,64914,64969,65104,65167,65182,65449,65672,65836,66054,66085,66269,66497,66798,67097,67545,67711,67957,68197,68555,68989,69329,69679,69946,70223,70728,71089,71678,72175,72581,72941,73267,73900,74551,75063,75685,76370,76776,77198,77864,78913,79839,80593,81338,81868,82395,83059,83730,84431,85072,85622,86661,87173,87958,88974,89781,90574,91332,91758,92374,93175,93893,94656,95470,96191,96726,97306,98213,98689,99856,100724,101782,102259,102749,103402,104091,104618,104618,106044,106808,107686,108637,109480,110343,111136,111136,112526,113025,113820,114468,115242,116295,117191,117191,118403,118902,119872,120846,122251,123058,123058,124287,124976,125742,126722,127500,128087,128087,129662,130357,131259,132337,133377,134373,134373,135702,136820,138014,139012,139996,141271,141271,142726,143877,145092,146493,147816,149453,149453,151396,152862,154455,156913,159119,161105,161105,164123,165994,167872,170076,172122,175612,175612,179669,182344,185934,190043,193388,197406,197406,204326,207763,212160,218263,222509,229073,229073,238308,245252,251872,259183,268362,275792,275792,288954,296840,303058,311041,321181,329021,329021,340964,347746,352433,352433,369801,378152,378152,388942,395453,402886,410843,420268,426576,426576,436400,443076,448418,454720,460346,465159,465159,472780,478171,482815,487356,491875,496056,496056,501115,504629,508449,508449,508449,516326,516326,519876,523839,528621,528621,528621,538121,538121,543611,546642,551498,555747,559655,562553,562553,567682,570150,573278,576573,579574,581785,581785,585128,586673,589869,592382,594920,596746,596746,600093
54,Washington,1842.11767038,-4708.0495962,1,1,1,1,1,1,1,1,1,1,1,1,1,1,1,1,1,1,1,1,1,1,1,1,1,1,1,1,1,1,1,1,1,1,1,1,1,1,7,11,18,27,39,70,78,102,122,122,167,282,442,568,642,603,779,955,1022,1374,1524,1793,1997,2221,2328,2591,3207,3477,4030,4465,4923,5432,5608,6389,6846,7247,7825,8311,8692,9276,9639,10119,10434,10609,10635,10799,10942,11057,11517,11776,11978,12114,12392,12596,12753,12977,13319,13521,13686,13842,14070,14327,14637,15003,15185,15462,15594,15905,16231,16388,16674,16891,17122,17330,17512,17773,17951,18288,18433,18611,18811,18971,19117,19265,19265,19828,20065,20181,20406,20764,21071,21349,21702,22239,22516,22764,23024,23483,23767,24078,24378,24630,24892,25176,25542,25825,26158,26530,26787,27193,27608,28225,28676,28874,29394,29874,30372,30866,31422,31766,32267,32831,33439,34152,34909,35260,35902,36959,37393,37916,38563,39202,39806,40672,41749,42295,43037,44299,45052,46022,46956,47751,48590,49250,49982,50832,51870,52669,53339,54201,54979,55751,56736,57586,58216,58767,59447,60132,60963,61686,62583,63189,63769,64260,64800,65439,66254,66989,67581,67854,68386,68922,69662,70180,71007,71471,71814,72161,72634,73217,73801,74420,74885,75195,75502,75977,76537,77034,77559,77979,78295,78492,78781,79280,79880,80374,80738,81056,81392,81776,82193,82610,83239,83622,83925,84270,84814,85397,86422,87062,87519,87897,88291,88823,89463,90179,90821,91290,91709,92136,92692,93450,94143,94691,95539,95914,96521,97240,97938,98713,99539,100105,100572,101064,101864,102567,103379,104328,105069,105665,106212,106963,107843,108954,109932,110808,111848,112593,114127,115251,117023,118771,120221,121467,122887,124549,126574,128821,131141,133391,134969,137561,139120,141231,143405,145281,147929,151488,154770,157790,160663,162730,165124,167231,169500,171962,175033,177358,179443,181329,183081,189152,192947,196032,199028,202177,206288,208717,210809,212584,214265,214265,217205,220268,222600,222600,226635,227887,230202,233093,233093,236719,236719,238672,240846,242330,246752,246752,246752,255396,256435,258767,260752,264012,268607,271595,271595,276686,278544,281202,283777,285970,285970,289939,289939,291989,294017,296087,298249,300198,300198,302141
